Product,Brand,Category,Style,Quantity,Quantity Units,Units (4 Decimal Places)
13 Guns,Crafty Dan,Beer,IPA,330,ml,1.8150
13 Guns,Crafty Dan,Beer,IPA,330,ml,1.8150
13 Guns,Crafty Dan,Beer,IPA,1,pint,3.1240
Abbot Ale,Greene King,Beer,Ale,500,ml,2.5000
Abbot Ale,Greene King,Beer,Beer,1,pint,2.8400
Addlestones Cloudy,Addlestones,Cider,,500,ml,2.5000
Addlestones Cloudy,Stone,Cider,,1,pint,2.9536
Adnams Broadside,Adnams,Beer,,1,pint,2.6696
Adnams Crystal Rye IPA,Adnams,Beer,Rye Beer,330,ml,1.6500
Adnams Dry Hopped Lager,Adnams,Beer,Lager,330,ml,1.3860
Adnams FreeWheel,Adnams,Beer,Summer Ale,1,pint,2.0448
Adnams Ghost Ship,Adnams,Beer,Pale Ale,1,pint,2.5560
Adnams Mosaic Pale Ale,Adnams,Beer,Pale Ale,330,ml,1.3530
Adnams Mosaic Pale Ale,Adnams,Beer,Pale Ale,330,ml,1.3530
Adnams Mosaic Pale Ale,Adnams,Beer,Pale Ale,1,pint,2.3288
Adnams Sloe Storm,Adnams,Beer,Amber Ale,1,pint,2.2720
Adnams Southwold Bitter,Adnams,Beer,Amber Ale,1,pint,2.1016
Ale Fresco,Greene King,Beer,Ale,1,pint,2.4424
Alhambra Especial,Alhambra,Beer,Lager,1,pint,2.7264
Alhambra Reserva,Alhambra,Beer,Lager,330,ml,2.1120
Amarillo Single Hop Session IPA,Greene King,Beer,IPA,1,pint,2.1584
Amigos,Amigos,Beer,Lager,330,ml,1.6830
Amstel,Amstel,Beer,Lager,330,ml,1.3530
Amstel Lager,Amstel,Beer,Lager,1,pint,2.3288
Anchor California Lager,Anchor,Beer,Lager,355,ml,1.7395
Anchor Liberty Ale,Anchor,Beer,IPA,355,ml,2.0945
Anchor Porter,Anchor,Beer,Porter,335,ml,1.8760
Anchor Steam Beer,Anchor,Beer,Steam Beer,355,ml,1.7040
Anchor Steam Beer,Anchor,Beer,Steam Beer,1,pint,2.7264
Angry Orchard Cider,Angry Orchard,Cider,,500,ml,2.5000
Angry Orchard Hard Cider,Angry Orchard,Cider,,1,pint,2.8400
Ansells Drum Mild,Ansells,Beer,Bitter,1,pint,1.8176
Asahi Super Dry,Asahi,Beer,Lager,330,ml,1.7160
Asahi Super Dry,Asahi,Beer,Lager,1,pint,2.9536
Ashton Press Cider,Ashton Press,Cider,,500,ml,2.4000
Aspall Cyder,Aspall,Cider,,1,pint,2.5560
Aspall Cyderkyn,Aspall,Cider,,1,pint,2.1584
Aspall Draught Cyder,Aspall,Cider,,330,ml,1.8150
Aspall Draught Cyder,Aspall,Cider,,1,pint,3.1240
Aspall Harry Sparrow,Aspall,Cider,,500,ml,2.3000
Aspall Harry Sparrow,Aspall,Cider,,1,pint,2.6128
Aspall Isabel's Berry,Aspall,Cider,Fruit Cider,500,ml,1.9000
Aspall Mulled Cyder,Aspall,Cider,Mulled Cider,1,pint,2.1584
Aspall Peronelle's Blush,Aspall,Cider,Fruit Cider,500,ml,2.0000
Aspall Premier Cru Cyder,Aspall,Cider,,500,ml,3.5000
Babycham Popping Cork,Babycham,Cider,Perry,75,cl,4.1250
Back of the Net,Greene King,Beer,Blonde Ale,1,pint,2.3288
Bad Apple Cider,Bad Apple,Cider,,1,pint,2.8968
Bah Humbug,Wychwood,Beer,Ale,1,pint,2.4424
Bass,Bass,Beer,,500,ml,2.2000
Bass,Bass,Beer,Ale,1,pint,2.4992
Bass Smooth,Bass,Beer,,1,pint,2.0448
Bath Ales Gem,Bath Ales,Beer,Bitter,1,pint,2.3288
Beck's Bier,Beck's,Beer,Lager,275,ml,1.3200
Beck's Bier,Beck's,Beer,Lager,1,pint,2.7832
Beck's Blue,Beck's,Beer,Lager,275,ml,0.0000
Beck's Vier,Beck's,Beer,Lager,1,pint,2.2720
Bedlam Pale Ale,Bedlam,Beer,Pale Ale,1,pint,2.7264
Beerd Monterey,Beerd,Beer,Pale Ale,1,pint,1.7608
Belhaven Best,Belhaven,Beer,Bitter,1,pint,1.8176
Belhaven Export 80/- ,Belhaven,Beer,Ale,500,ml,1.9500
Belhaven Light,Belhaven,Beer,Ale,1,pint,1.5336
Bellerose Blonde,Bellerose,Beer,Lager,330,ml,2.1450
Bellerose Blonde Extra,Bellerose,Beer,Lager,330,ml,2.1450
Belleville Balham Black Lager,Belleville,Beer,Lager,330,ml,1.5180
Bellfield Bohemian Pilsner Gluten Free,Bellfield,Beer,Lager,330,ml,1.4850
Bellfield Bohmenian Pilsner,Bellfield,Beer,Lager,1,pint,2.5560
Bellfield Lawless Village IPA,Bellfield,Beer,IPA,1,pint,2.5560
Bellfield Lawless Village IPA Gluten Free,Bellfield,Beer,IPA,330,ml,1.4850
Berliner Heist,The London Beer Factory,Beer,Sour Beer,330,ml,1.1550
Berliner Pilsner,Berliner,Beer,Lager,330,ml,1.6500
Berliner Pilsner,Berliner,Beer,Lager,1,pint,2.8400
Betty Stogs,Skinners,Beer,Bitter,1,pint,2.2720
Beyond The Pale,The London Beer Factory,Beer,Pale Ale,330,ml,1.3860
Beyond the Pale,The London Beer Factory,Beer,Pale Ale,1,pint,2.3856
Big Hug Juicy Pale,Big Hug Brewing,Beer,Pale Ale,330,ml,1.3200
Big Hug Juicy Pale,Big Hug Brewing,Beer,Pale Ale,1,pint,2.2720
Big Hug Pilsner,Big Hug Brewing,Beer,Lager,330,ml,1.3860
Big Hug Pilsner,Big Hug Brewing,Beer,Lager,1,pint,2.3856
Big Hug Spirit Pale Ale,Big Hug Brewing,Beer,Pale Ale,330,ml,1.3860
Big Hug Spirit Pale Ale,Big Hug Brewing,Beer,Lager,330,ml,1.3860
Big Hug White IPA,Big Hug Brewing,Beer,IPA,330,ml,1.7160
Big Hug White IPA,Big Hug Brewing,Beer,IPA,330,ml,1.7160
Big Hug White IPA,Big Hug Brewing,Beer,IPA,1,pint,2.9536
Birra del Borgo Cortigianna,Birra del Borgo,Beer,Pale Ale,33,cl,1.6500
Birra Del Borgo Lisa,Birra del Borgo,Beer,Lager,1,pint,2.8400
Birra Moretti,Birra Moretti,Beer,Lager,330,ml,1.5180
Birra Moretti,Birra Moretti,Beer,Lager,330,ml,1.5180
Birra Moretti,Birra Moretti,Beer,Lager,1,pint,2.6128
Birra Poretti,Poretti,Beer,Lager,1,pint,2.7264
Birra Poretti 3,Poretti,Beer,Lager,1,pint,2.7264
Bishops Farewell,Oakham Ales,Beer,Ale,500,ml,2.3000
Bishops Finger,Shepherd Neame,Beer,Ale,500,ml,2.7000
Bishops Finger,Shepherd Neame,Beer,Ale,1,pint,2.8400
Bitburger Pils,Bitburger,Beer,Lager,1,pint,2.7264
Black Sheep Ale,Black Sheep,Beer,Ale,500,ml,2.2000
Black Sheep Ale,Black Sheep,Beer,Ale,1,pint,2.4992
Black Sheep Best Bitter,Black Sheep,Beer,Bitter,1,pint,2.1584
Black Sheep Bitter,Black Sheep,Beer,Bitter,1,pint,2.1584
Black Sheep Blind Side,Black Sheep,Beer,Ale,1,pint,2.4424
Black Sheep Blitzen,Black Sheep,Beer,Ale,1,pint,2.2720
Black Sheep Golden Sheep,Black Sheep,Beer,Ale,500,ml,2.3500
Black Sheep Milk Stout,Black Sheep,Beer,Stout,1,pint,2.4992
Black Sheep Pathmaker,Black Sheep,Beer,Pale Ale,1,pint,2.2720
Black Sheep Riggwelter,Black Sheep,Beer,Ale,500,ml,2.8500
Black Sheep Velo,Black Sheep,Beer,Pale Ale,1,pint,2.3856
Blackthorn Gold,Blackthorn,Cider,,440,ml,2.0680
Blackthorn Gold,Blackthorn,Cider,,1,pint,2.6696
Blind Pig Bourbon & Blueberry,Blind Pig,Cider,Fruit Cider,355,ml,1.9525
Blind Pig Whiskey Honey & Apple,Blind Pig,Cider,,355,ml,1.9525
Blue Moon,Blue Moon,Beer,Wheat Beer,330,ml,1.7820
Blue Moon,Blue Moon,Beer,Wheat Beer,1,pint,3.0672
Blue Point Toasted,Blue Point,Beer,Lager,1,pint,3.1240
Boddingtons,Boddingtons,Beer,Bitter,440,ml,1.6720
Boddingtons,Boddingtons,Beer,Bitter,1,pint,1.9880
Bolee D'Armorique Cidre Brut,Bolee D'Armorique,Cider,,330,ml,1.6500
Bombardier,Bombardier,Beer,Bitter,500,ml,2.3500
Bombardier,Bombardier,Beer,Bitter,1,pint,2.3288
Bombardier Burning Gold,Bombardier,Beer,Ale,1,pint,2.3288
Bombardier Pale Ale,Bombardier,Beer,Pale Ale,1,pint,2.0448
Bonkers Conkers,Greene King,Beer,,1,pint,2.3288
Boulevard Single-Wide IPA,Boulevard,Beer,IPA,330,ml,1.8810
Boulevard Tank7,Boulevard,Beer,Ale,330,ml,2.8050
Boulveard Single-Wide IPA,Boulevard,Beer,IPA,1,pint,3.2376
Brahma,Brahma,Beer,Lager,330,ml,1.4190
Brahma,Brahma,Beer,Lager,1,pint,2.4424
Brains Bitter Smooth,Brains,Beer,Bitter,1,pint,2.1016
BrewDog 5AM Saint,BrewDog,Beer,Red Ale,330,ml,1.6500
BrewDog Clockwork Tangerine,BrewDog,Beer,IPA,330,ml,1.4850
BrewDog Clockwork Tangerine,BrewDog,Beer,IPA,1,pint,2.5560
BrewDog Dead Pony Club,BrewDog,Beer,Pale Ale,330,ml,1.2540
BrewDog Dead Pony Club,BrewDog,Beer,Pale Ale,330,ml,1.2540
BrewDog Dead Pony Club,BrewDog,Beer,Pale Ale,1,pint,2.1584
BrewDog Electric India,BrewDog,Beer,IPA,330,ml,1.7160
BrewDog Electric India,BrewDog,Beer,IPA,1,pint,3.1808
BrewDog Elvis Juice,BrewDog,Beer,IPA,330,ml,2.1450
BrewDog Elvis Juice,BrewDog,Beer,IPA,330,ml,2.1450
BrewDog Elvis Juice,BrewDog,Beer,IPA,1,pint,3.6920
BrewDog Get Out Claus,BrewDog,Beer,Stout,330,ml,2.7060
BrewDog Hoppy Christmas,BrewDog,Beer,IPA,330,ml,2.3760
BrewDog Indie Pale Ale,BrewDog,Beer,Pale Ale,1,pint,2.3856
Brewdog Jet Black Heart,BrewDog,Beer,Stout,330,ml,1.5510
Brewdog Jet Black Heart,BrewDog,Beer,Stout,1,pint,2.6696
BrewDog Kingpin Lager,BrewDog,Beer,Lager,330,ml,1.5510
BrewDog Kingpin Lager,BrewDog,Beer,Lager,330,ml,1.5510
BrewDog Kingpin Lager,BrewDog,Beer,Lager,1,pint,2.6696
BrewDog Lost Lager,BrewDog,Beer,Lager,330,ml,1.5510
BrewDog Lost Lager,BrewDog,Beer,Lager,1,pint,2.6696
BrewDog Mistletoe Mafia,BrewDog,Beer,Lager,330,ml,1.4850
BrewDog Nanny State,BrewDog,Beer,Ale,330,ml,0.1650
BrewDog Punk IPA,BrewDog,Beer,IPA,330,ml,1.8480
BrewDog Punk IPA,BrewDog,Beer,IPA,330,ml,1.8480
BrewDog Santa Paws,BrewDog,Beer,Ale,330,ml,1.4850
BrewDog Slot Machine,BrewDog,Beer,IPA,330,ml,1.7160
BrewDog Slot Machine,BrewDog,Beer,IPA,1,pint,2.9536
BrewDog Vagabond,BrewDog,Beer,Pale Ale,330,ml,1.4850
BrewDog Zeitgeist,BrewDog,Beer,Lager,1,pint,2.6696
BrewDog Zeitgeist Black Lager,BrewDog,Beer,Lager,330,ml,1.5510
Brewgooder Clean Water Lager,Brewgooder,Beer,Lager,330,ml,1.4850
Brewgooder Clean Water Lager,Brewgooder,Beer,Lager,330,ml,1.4850
Brewgooder Clean Water Lager,Brewgooder,Beer,Lager,1,pint,2.5560
Brooklyn 1/2 Ale,Brooklyn,Beer,Ale,355,ml,1.2070
Brooklyn Brown Ale,Brooklyn,Beer,Brown Ale,355,ml,1.9880
Brooklyn Lager,Brooklyn,Beer,Lager,355,ml,1.8460
Brooklyn Lager,Brooklyn,Beer,Lager,355,ml,1.8460
Brooklyn Lager,Brooklyn,Beer,Lager,1,pint,2.9536
Brooklyn Naranjito,Brooklyn,Beer,Pale Ale,355,ml,1.5975
Brooklyn Summer Ale,Brooklyn,Beer,Summer Ale,355,ml,1.7750
Brothers Coconut & Lime,Brothers,Cider,Fruit Cider,500,ml,2.0000
Brothers Pear Cider,Brothers,Cider,Perry,1,pint,2.8400
Brothers Rhubarb & Custard,Brothers,Cider,Fruit Cider,500,ml,2.0000
Brothers Strawberry & Kiwi,Brothers,Cider,Fruit Cider,500,ml,2.0000
Brothers Strawberry & Lime,Brothers,Cider,Fruit Cider,500,ml,2.0000
Brothers Strawberry and Pear,Brothers,Cider,Fruit Cider,500,ml,2.0000
Brothers Toffee Apple,Brothers,Cider,,500,ml,2.0000
Brothers Wild Fruit,Brothers,Cider,Fruit Cider,500,ml,2.0000
Bucket Of Blood,St Austell,Beer,Ale,1,pint,2.5560
Bud Light,Budweiser,Beer,Lager,300,ml,1.0500
Bud Light,Budweiser,Beer,Lager,440,ml,1.5400
Bud Light,Budweiser,Beer,Lager,1,pint,1.9880
Budweiser,Budweiser,Beer,Lager,473,ml,2.1285
Budweiser,Budweiser,Beer,Lager,330,ml,1.4850
Budweiser,Budweiser,Beer,Lager,660,ml,2.9700
Budweiser,Budweiser,Beer,Lager,440,ml,1.9800
Budweiser,Budweiser,Beer,Lager,500,ml,2.2500
Budweiser,Budweiser,Beer,Lager,1,pint,2.5560
Budweiser Budvar,Budweiser Budvar,Beer,Lager,500,ml,2.5000
Budweiser Budvar,Budweiser Budvar,Beer,Lager,330,ml,1.6500
Budweiser Budvar,Budweiser Budvar,Beer,Lager,330,ml,1.6500
Budweiser Budvar,Budweiser Budvar,Beer,Lager,1,pint,2.8400
Budweiser Budvar B:FREE,Budweiser Budvar,Beer,Lager,330,ml,0.1650
Budweiser Budvar Dark,Budweiser Budvar,Beer,Lager,500,ml,2.3500
Budweiser Budvar Krausened,Budweiser Budvar,Beer,Lager,1,pint,2.2720
Budweiser Prohibition Brew,Budweiser,Beer,Lager,330,ml,0.0000
Bulmers Blueberry and Lime,Bulmers,Cider,Fruit Cider,500,ml,2.0000
Bulmers Crushed Red Berries & Lime,Bulmers,Cider,Fruit Cider,500,ml,2.0000
Bulmers Orchard Pioneers Kier's Cloudy Apple,Bulmers,Cider,,500,ml,2.5000
Bulmers Orchard Pioneers Sarah's Red Apple,Bulmers,Cider,,500,ml,2.5000
Bulmers Original,Bulmers,Cider,,500,ml,2.2500
Bulmers Pear,Bulmers,Cider,Perry,500,ml,2.2500
Burning Kiss,Kissmeyer,Beer,Amber Ale,330,ml,1.8150
Butcombe Bitter,Butcombe,Beer,Bitter,500,ml,2.2500
Butcombe Bitter (Cask),Butcombe,Beer,Bitter,1,pint,2.2720
Butcombe Bitter (Keg),Butcombe,Beer,Bitter,1,pint,2.5560
Butcombe Gold,Butcombe,Beer,Bitter,500,ml,2.3500
Butcombe Haka,Butcombe,Beer,Blonde Ale,1,pint,2.5560
By The Horns 2Tone London Lager,By The Horns,Beer,Lager,330,ml,1.4850
By The Horns Stiff Upper Lip,By The Horns,Beer,Lager,330,ml,1.2540
By The Horns Wolfie Smith,By The Horns,Beer,IPA,330,ml,1.7160
Caesar Augustus,Williams Bros. Brewing Co.,Beer,Lager,500,ml,2.5000
Caffrey's,Caffrey's,Beer,Ale,1,pint,2.1584
Caledonia Best,Caledonia,Beer,Bitter,1,pint,1.8176
Caledonian Three Hop,Caledonian,Beer,Lager,1,pint,2.5560
Camden Hells,Camden Town,Beer,Lager,330,ml,1.5180
Camden Hells,Camden Town,Beer,Lager,330,ml,1.5180
Camden Hells,Camden Town,Beer,Lager,1,pint,2.6128
Camden Pale Ale,Camden Town,Beer,Pale Ale,330,ml,1.3200
Camden Pale Ale,Camden Town,Beer,Pale Ale,330,ml,1.3200
Camden Pale Ale,Camden Town,Beer,Pale Ale,1,pint,2.2720
Camerons Brewery Motorhead Road Crew,Camerons Brewery,Beer,Pale Ale,330,ml,1.6500
Camerons Tontine Milk Stout,Camerons Brewery,Beer,Stout,330,ml,1.3530
Caple Rd Cider,Caple Rd,Cider,,330,ml,1.7160
Carling Cider,Carling,Cider,,1,pint,2.5560
Carling Lager,Carling,Beer,Lager,1,pint,2.2720
Carlsberg Export,Carlsberg,Beer,Lager,330,ml,1.5840
Carlsberg Export,Carlsberg,Beer,Lager,1,pint,2.7264
Carlsberg Lager,Carlsberg,Beer,Lager,330,ml,1.2540
Carlsberg Lager,Carlsberg,Beer,Lager,1,pint,2.1584
Carlsberg Special Brew,Carlsberg,Beer,Lager,275,ml,2.4750
Carlsberg Zero,Carlsberg,Beer,Lager,275,ml,0.0000
Celt Chieftain,Celt,Beer,IPA,330,ml,1.4190
Celt House Lager,Celt,Beer,Lager,330,ml,1.6500
Celt Pilsner,Celt,Beer,Lager,330,ml,1.6500
Celt Silures,Celt,Beer,Golden Ale,330,ml,1.5180
Celt Silures Munich Pale Ale,Celt,Beer,Pale Ale,330,ml,1.5180
Ceriux Rubia,Ceriux,Beer,Ale,375,ml,2.0250
Chang Classic Beer,Chang,Beer,Lager,320,ml,1.6000
Charlie Wells Triple Hopped IPA,Charlie Wells,Beer,IPA,330,ml,1.7160
Charlie Wells Triple Hopped IPA,Charlie Wells,Beer,IPA,1,pint,2.9536
Chaumet Demi Sec,Chaumet,Cider,Perry,75,cl,4.1250
Chelsea Blonde,The London Beer Factory,Beer,Blonde Ale,330,ml,1.4190
Chelsea Blonde,The London Beer Factory,Beer,Blonde Ale,1,pint,2.4424
Chimay Blue Trappist,Chimay,Beer,Lager,33,cl,2.9700
Chimay Gold,Chimay,Beer,Lager,330,ml,1.5840
Chimay Gold,Chimay,Beer,Lager,1,pint,2.7264
Chimay Red,Chimay,Beer,Lager,33,cl,2.3100
CiderBoys First Press Traditional Hard Cider,CiderBoys,Cider,,355,ml,1.7750
CiderBoys First Press Traditional Hard Cider,CiderBoys,Cider,,355,ml,1.7750
CiderBoys First Press Traditional Hard Cider,CiderBoys,Cider,,1,pint,2.8400
Cidersmiths Bristol Draught,Cidersmiths,Cider,,500,ml,2.7500
Cidersmiths Harry Masters Jersey Craft Cider,Cidersmiths,Cider,,500,ml,2.2500
Cidersmiths Harry Masters Jersey Craft Cider,Cidersmiths,Cider,,330,ml,1.4850
Cidersmiths Harry Masters Jersey Craft Cider,Cidersmiths,Cider,,1,pint,2.5560
Cidersmiths SixPointSix Craft Cider,Cidersmiths,Cider,,500,ml,3.3000
Cinque,Five Grain,Beer,Lager,330,ml,1.6500
Cinque,Five Grain,Beer,Lager,1,pint,2.8400
Cobra,Cobra,Beer,Lager,330,ml,1.5840
Cobra,Cobra,Beer,Lager,660,ml,3.1680
Cobra,Cobra,Beer,Lager,1,pint,2.4424
Cobra Zero,Cobra,Beer,Lager,330,ml,0.0000
Collesi Ambrata,Collesi,Beer,Amber Ale,330,ml,2.4750
Collesi Bionda,Collesi,Beer,Blonde Ale,330,ml,1.9800
Collesi Rossa,Collesi,Beer,Red Ale,330,ml,2.6400
Commonside Pale Ale,Belleville,Beer,Pale Ale,330,ml,1.6500
Coopers Pale Ale,Coopers Brewery,Beer,Pale Ale,375,ml,1.6875
Coors Light,Coors,Beer,Lager,330,ml,1.3200
Coors Light,Coors,Beer,Lager,500,ml,2.0000
Coors Light,Coors,Beer,Lager,1,pint,2.3856
Copse House Cider Landshire Medium,Copse House Cider,Cider,,500,ml,2.2500
Copse House Cider Landshire Medium Dry,Copse House Cider,Cider,,500,ml,3.0000
Cornish Orchards Blush,Cornish Orchards,Cider,,330,ml,1.3200
Cornish Orchards Blush,Cornish Orchards,Cider,,500,ml,2.0000
Cornish Orchards Blush,Cornish Orchards,Cider,Fruit Cider,1,pint,2.2720
Cornish Orchards Dry Cider,Cornish Orchards,Cider,,500,ml,2.6000
Cornish Orchards Dry Cider,Cornish Orchards,Cider,,1,pint,2.9536
Cornish Orchards Gold,Cornish Orchards,Cider,,500,ml,2.5000
Cornish Orchards Gold,Cornish Orchards,Cider,,330,ml,1.3200
Cornish Orchards Gold,Cornish Orchards,Cider,,1,pint,2.5560
Cornish Orchards Heritage Cider,Cornish Orchards,Cider,,500,ml,2.5000
Cornish Orchards Keeper's Meadow,Cornish Orchards,Cider,,500,ml,2.0000
Cornish Orchards Vintage Cider,Cornish Orchards,Cider,,500,ml,3.6000
Corona Extra,Corona,Beer,Lager,355,ml,1.5975
Corona Extra,Corona,Beer,Lager,330,ml,1.4850
Courage Best Bitter,Courage,Beer,Bitter,1,pint,2.2720
Courage Light Ale,Courage,Beer,Light Ale,275,ml,0.8800
Crazy Mountain Amber Ale,Crazy Mountain,Beer,Amber Ale,355,ml,1.8815
Crazy Mountain Amber Ale,Crazy Mountain,Beer,Amber Ale,355,ml,1.8815
Crazy Mountain Creedence Pilsner,Crazy Mountain,Beer,Lager,355,ml,1.7395
Crazy Mountain Creedence Pilsner,Crazy Mountain,Beer,Lager,355,ml,1.7040
Crazy Mountain Creedence Pilsner,Crazy Mountain,Beer,Lager,1,pint,2.7832
Crazy Mountain Hookiebobb IPA,Crazy Mountain,Beer,IPA,355,ml,2.3785
Crazy Mountain Hookiebobb IPA,Crazy Mountain,Beer,IPA,355,ml,2.3785
Crazy Mountain Hookiebobb IPA,Crazy Mountain,Beer,IPA,1,pint,3.8056
Crazy Mountain Mountain Livin' Pale Ale,Crazy Mountain,Beer,Pale Ale,355,ml,1.8460
Crazy Mountain Mountain Livin' Pale Ale,Crazy Mountain,Beer,Pale Ale,355,ml,2.0235
Crazy Mountain Mountain Livin' Pale Ale,Crazy Mountain,Beer,Pale Ale,1,pint,2.9536
Cubanisto Rum Beer,Cubanisto,Beer,Lager,330,ml,1.9470
Curious Apple,Curious,Cider,,330,ml,1.7160
Curious Apple,Curious,Cider,,330,ml,1.7160
Curious Brew Lager,Curious,Beer,Lager,330,ml,1.5510
Curious Brew Lager,Curious,Beer,Lager,330,ml,1.5510
Curious Brew Lager,Curious,Beer,Lager,1,pint,2.6696
Curious IPA,Curious,Beer,IPA,330,ml,1.8480
Curious Porter,Curious,Beer,Porter,330,ml,1.6500
Curious Session IPA,Curious Brewery,Beer,IPA,330,ml,1.4520
Curious Session IPA,Curious,Beer,IPA,330,ml,1.4520
Curious Session IPA,Curious,Beer,IPA,1,pint,2.6128
Dark Star Hophead,Dark Star,Beer,Beer,1,pint,2.1584
Daura Damm,Damm,Beer,Lager,330,ml,1.7820
Daura Damm,Damm,Beer,Lager,330,ml,1.7820
Daura Marzen,Damm,Beer,,330,ml,2.3760
Day of the Dead Amber Ale,Day of the Dead,Beer,Amber Ale,330,ml,2.0130
Day of the Dead Heffe,Day of the Dead,Beer,Wheat Beer,330,ml,1.7820
Day of the Dead IPA,Day of the Dead,Beer,IPA,330,ml,2.2440
Deeside Craft Lager,Deeside,Beer,Lager,1,pint,2.3288
Deeside LAF,Deeside,Beer,Lager,500,ml,2.0500
Desperados,Desperados,Beer,Lager,330,ml,1.9470
Desperados,Desperados,Beer,Lager,330,ml,1.9470
Desperados DOS,Desperados,Beer,Lager,250,ml,1.7500
Desperados Red,Desperados,Beer,Lager,330,ml,1.9470
Deuchars IPA,Caledonia,Beer,IPA,500,ml,2.2000
Deuchars IPA,Caledonian Brewery,Beer,Beer,1,pint,2.1584
Devassa,Devassa,Beer,Lager,355,ml,1.5975
Doom Bar,Sharp's,Beer,Amber Ale,500,ml,2.1500
Doom Bar,Sharp's,Beer,Amber Ale,1,pint,2.2720
Dry Blackthorn,Blackthorn,Cider,,1,pint,2.8400
Drygate Ax Man Rye IPA,Drygate,Beer,IPA,500,ml,2.5000
Drygate Bearface Lager,Drygate,Beer,Lager,500,ml,2.2000
Drygate Bearface Lager,Drygate,Beer,Lager,1,pint,2.4992
Drygate Chimera India Pale Lager,Drygate,Beer,IPA,330,ml,1.9470
Drygate Crossing The Rubicon India Pale Ale,Drygate,Beer,IPA,330,ml,2.2770
Drygate Disco Forklift Truck Mango Pale Ale,Drygate,Beer,Pale Ale,330,ml,1.6830
Drygate Gladeye IPA,Drygate,Beer,IPA,500,ml,2.7500
Drygate Orinoco Mocha Milk Stout,Drygate,Beer,Stout,330,ml,1.9800
Drygate Outaspace Apple Ale,Drygate,Beer,Ale,500,ml,2.3500
Duvel Belgian Ale,Duvel,Beer,Golden Ale,33,cl,2.8050
Duvel Belgian Ale,Duvel,Beer,Golden Ale,1,pint,3.8624
Duvel Tripel Hop,Duvel,Beer,Lager,330,ml,3.1350
Edison British Pilsner,Electric Bear,Beer,Lager,1,pint,2.7264
Einstok Pale Ale,Einstok,Beer,Pale Ale,330,ml,1.8480
Einstok White Ale,Einstok,Beer,Wheat Beer,330,ml,1.7160
Epic Brew,Wadworth,Beer,Blonde Ale,1,pint,2.5560
Erdinger Alkoholfrei,Erdinger,Beer,Wheat Beer,500,ml,0.0000
Erdinger Urweisse,Erdinger,Beer,Wheat Beer,1,pint,2.7832
Erdinger Weissbier,Erdinger,Beer,Wheat Beer,500,ml,2.6500
Erdinger Weissbier,Erdinger,Beer,Wheat Beer,1,pint,3.0104
Estrella Damm,Damm,Beer,Lager,330,ml,1.5180
Estrella Damm,Damm,Beer,Lager,660,ml,3.0360
Estrella Damm,Damm,Beer,Lager,330,ml,1.5180
Estrella Damm,Damm,Beer,Lager,1,pint,2.6128
Estrella Galicia,Estrella Galicia,Beer,Lager,330,ml,1.5510
Estrella Galicia,Estrella Galicia,Beer,Lager,1,pint,2.6696
Estrella Galicia Alcohol Free,Estrella Galicia,Beer,Lager,250,ml,0.0000
Estrella Galicia Cans,Estrella Galicia,Beer,Lager,330,ml,1.5510
Estrella Galicia Gluten Free,Estrella Galicia,Beer,Lager,330,ml,1.8150
Family Reserve English Sparkling Apple Wine,Thatchers,Cider,Apple Wine,75,cl,8.4000
Festival Ale,Greene King,Beer,Ale,1,pint,2.3288
Festivity,Bath Ales,Beer,Porter,1,pint,2.8400
Fireside,Greene King,Beer,Winter Ale,1,pint,2.5560
Fizzecco Sparkling Perry,Fizzecco,Cider,Perry,75,cl,4.1250
Flowers Best Bitter,Flowers,Beer,Bitter,1,pint,1.8744
Flying Dog Doggie Style Pale Ale,Flying Dog,Beer,Pale Ale,355,ml,1.9525
Flying Dog Easy IPA,Flying Dog,Beer,IPA,355,ml,1.6685
Flying Dog Easy IPA,Flying Dog,Beer,IPA,1,pint,2.6696
Flying Dog Snake Dog IPA,Flying Dog,Beer,IPA,355,ml,2.5205
Flying Dog Snake Dog IPA,Flying Dog,Beer,IPA,355,ml,2.5205
Flying Scotsman,Caledonian,Beer,Bitter,1,pint,2.2720
Foster's Gold,Foster's,Beer,Lager,300,ml,1.2900
Foster's Lager,Foster's,Beer,Lager,275,ml,1.1000
Foster's Lager,Foster's,Beer,Lager,1,pint,2.2720
Founders All Day IPA,Founders,Beer,IPA,355,ml,1.6685
Founders All Day IPA,Founders,Beer,IPA,1,pint,2.6696
Fourpure American Pale Ale,Fourpure,Beer,Pale Ale,330,ml,1.6500
Fourpure Easy Peeler,Fourpure,Beer,IPA,330,ml,1.3200
Fourpure Easy Peeler,Fourpure,Beer,IPA,1,pint,2.2720
Fourpure Juicebox,Fourpure,Beer,IPA,330,ml,1.9470
Fourpure Oatmeal Stout,Fourpure,Beer,Stout,330,ml,1.6830
Fourpure Pils,Fourpure,Beer,Lager,330,ml,1.5510
Fourpure Pils Lager,Fourpure,Beer,Lager,1,pint,2.3856
Fourpure Session IPA,Fourpure,Beer,IPA,330,ml,1.3860
Fourpure Session IPA,Fourpure,Beer,IPA,1,pint,2.3856
Fourpure Shape Shifter,Fourpure,Beer,IPA,330,ml,1.9470
Franciscan Well Chieftain IPA,Franciscan Well,Beer,IPA,1,pint,3.1240
Franciscan Well Friar Weisse,Franciscan Well,Beer,Wheat Beer,1,pint,2.6696
Franciscan Well Rebel Red,Franciscan Well,Beer,Red Ale,1,pint,2.4424
Franciscan Well Shandon Stout,Franciscan Well,Beer,Stout,1,pint,2.4424
Franziskaner Heffe Weissbier,Franziskaner,Beer,Wheat Beer,1,pint,2.8400
Free Damm,Damm,Beer,Lager,330,ml,0.0000
Freedom Amber,Freedom Brewery,Beer,Rye Beer,1,pint,2.6696
Freedom Four Lager,Freedom Brewery,Beer,Lager,330,ml,1.3200
Freedom Four Lager,Freedom Brewery,Beer,Lager,1,pint,2.2720
Freedom Organic Helles Lager,Freedom Brewery,Beer,Lager,330,ml,1.5840
Freedom Organic Helles Lager,Freedom Brewery,Beer,Lager,1,pint,2.7264
Freedom Pale Ale,Freedom Brewery,Beer,Pale Ale,330,ml,1.3860
Freedom Pale Ale,Freedom Brewery,Beer,Pale Ale,1,pint,2.3856
Freedom Pils,Freedom Brewery,Beer,Lager,330,ml,1.4520
Freedom Pils,Freedom Brewery,Beer,Lager,1,pint,2.4992
Friels First Press Vintage Cider,Friels,Cider,,1,pint,4.2032
Friels Hop Infused Vintage Cider,Friels,Cider,,330,ml,1.3200
Friels Vintage First Press Cider ,Friels,Cider,,330,ml,2.4420
Frontier Craft Lager,Fuller's,Beer,Lager,330,ml,1.4850
Frontier Craft Lager,Fuller's,Beer,Lager,330,ml,1.4850
Fruli Strawberry Beer,Fruli,Beer,Fruit Beer,330,ml,1.3530
Fruli Strawberry Beer,Fruli,Beer,Fruit Beer,1,pint,2.3288
Fuller's Frontier,Fuller's,Beer,Lager,1,pint,2.5560
Fuller's Organic Honey Dew,Fuller's,Beer,Blonde Ale,500,ml,2.5000
Furstenberg Premium,Furstenberg,Beer,Lager,500,ml,2.6500
Fyne Ales Jarl,Fyne Ales,Beer,Blonde Ale,1,pint,2.1584
Fyne Ales Sandra Blonde,Fyne Ales,Beer,IPA,1,pint,3.1240
Gaymers Original Apple Cider,Gaymers,Cider,,1,pint,2.5560
Gold Label,Whitbread,Beer,Barley Wine,330,ml,2.4750
Golden Sheep,Black Sheep,Beer,Blonde Ale,1,pint,2.2152
Goose Island 312,Goose Island,Beer,Wheat Beer,355,ml,1.4910
Goose Island 312,Goose Island,Beer,Wheat Beer,355,ml,1.4910
Goose Island 312,Goose Island,Beer,Wheat Beer,1,pint,2.3856
Goose Island Four Star Pils,Goose Island,Beer,Lager,1,pint,2.8968
Goose Island Green Line Pale Ale,Goose Island,Beer,Pale Ale,1,pint,3.0672
Goose Island Honkers Ale,Goose Island,Beer,Ale,355,ml,1.5265
Goose Island Honkers Ale,Goose Island,Beer,Ale,1,pint,2.4424
Goose Island IPA,Goose Island,Beer,IPA,355,ml,2.0945
Goose Island IPA,Goose Island,Beer,IPA,355,ml,2.0945
Goose Island IPA,Goose Island,Beer,IPA,1,pint,3.3512
Goose Island Midway IPA ,Goose Island,Beer,IPA,1,pint,2.3288
Goose Island Midway Session IPA,Goose Island,Beer,IPA,330,ml,1.3530
Goram,Butcombe,Beer,IPA,500,ml,2.5000
Grapefruit IPA,TailGate,Beer,IPA,355,ml,2.2010
Greene King IPA,Greene King,Beer,IPA,1,pint,2.0448
Greene King Light Ale,Greene King,Beer,Light Ale,275,ml,0.8250
Greene King One Stop Hop,Greene King,Beer,Pale Ale,1,pint,2.4424
Greene King Rocking Rudolph,Greene King,Beer,Winter Ale,1,pint,2.3856
Greene King Scrum Down,Greene King,Beer,IPA,1,pint,2.3288
Grolsch,Grolsch,Beer,Lager,450,ml,2.2500
Grolsch,Grolsch,Beer,Lager,1,pint,2.8400
Grolsch Blond,Grolsch,Beer,Lager,1,pint,2.2720
Guinness,Guinness,Beer,Stout,440,ml,1.8040
Guinness,Guinness,Beer,Stout,1,pint,2.3288
Guinness Dublin Porter,Guinness,Beer,Porter,500,ml,1.9000
Guinness Foreign Extra Stout,Guinness,Beer,Stout,330,ml,2.4750
Guinness Golden Ale,Guinness,Beer,Blonde Ale,500,ml,2.2500
Guinness Golden Ale,Guinness,Beer,Blonde Ale,1,pint,2.3288
Guinness Original Extra Stout,Guinness,Beer,Stout,330,ml,1.3860
Guinness Rye Pale Ale,Guinness,Beer,Pale Ale,500,ml,2.5000
Guinness West Indies Porter,Guinness,Beer,Porter,500,ml,3.0000
Gun Brewery Project Babylon,Gun Brewery,Beer,Pale Ale,330,ml,1.5180
Hardywood Gingerbread Stout,Hardywood,Beer,Stout,500,ml,4.6000
Hardywood Gingerbread Stout,Hardywood,Beer,Stout,750,ml,6.9000
Hardywood Great Return West Coast IPA,Hardywood,Beer,IPA,473,ml,3.5475
Hardywood Pilsner,Hardywood,Beer,Lager,355,ml,1.8460
Hardywood Singel,Hardywood,Beer,Blonde Ale,355,ml,2.2010
Hardywood VIPA,Hardywood,Beer,IPA,355,ml,1.8460
Harveistoun Old Engine Oil,Harviestoun,Beer,Dark Ale,1,pint,3.4080
Harvest Moon,St Austell,Beer,Pale Ale,1,pint,2.4424
Harviestoun & Twisted,Harviestoun,Beer,Golden Ale,1,pint,2.3856
Harviestoun Bitter & Twisted,Harviestoun,Beer,Golden Ale,330,ml,1.3860
Harviestoun Broken Dial,Harviestoun,Beer,Amber Ale,330,ml,1.4850
Harviestoun Cast Iron Amber Ale,Harviestoun,Beer,Amber Ale,330,ml,1.4850
Harviestoun Forth Craft Lager,Harviestoun,Beer,Lager,330,ml,1.3200
Harviestoun Nitro Engine Oil,Harviestoun,Beer,Stout,1,pint,2.5560
Harviestoun Ola Dubh 12 Year Old,Harviestoun,Beer,Ale,330,ml,2.6400
Harviestoun Old Engine Oil,Harviestoun,Beer,Dark Ale,330,ml,1.9800
Harviestoun Pale,Harviestoun,Beer,Golden Ale,330,ml,1.1550
Harviestoun Schiehallion,Harviestoun,Beer,Lager,330,ml,1.5840
Harviestoun Schiehallion,Harviestoun,Beer,Lager,1,pint,2.7264
Hawkshead Lager,Hawkshead,Beer,Lager,330,ml,1.6500
Hawkshead Session IPA,Hawkshead,Beer,IPA,1,pint,2.6696
Hawkshead Windemere Pale,Hawkshead,Beer,Pale Ale,330,ml,1.1550
Hazey Daze,The London Beer Factory,Beer,IPA,330,ml,1.5180
Hazey Daze,The London Beer Factory,Beer,IPA,1,pint,2.6128
Heineken,Heineken,Beer,Lager,330,ml,1.6500
Heineken,Heineken,Beer,Lager,330,ml,1.6500
Heineken,Heineken,Beer,Lager,1,pint,2.8400
Heineken 0.0,Heineken,Beer,Lager,330,ml,0.0000
Help The Heroes,Marston's,Beer,Ale,1,pint,2.3856
Henry Westons Country Perry,Westons,Cider,Perry,1,pint,2.5560
Henry Westons Medium Dry,Westons,Cider,,500,ml,3.2500
Henry Westons Mulled Cider,Westons,Cider,Mulled Cider,1,pint,2.2720
Herrljunga Apple Cider,Herrljunga,Cider,,500,ml,2.2500
Herrljunga Blackcurrant & Lime,Herrljunga,Cider,Fruit Cider,500,ml,2.0000
Herrljunga Ginger & Lemon,Herrljunga,Cider,Fruit Cider,500,ml,2.0000
Herrljunga Pear Cider,Herrljunga,Cider,Perry,500,ml,2.2500
Herrljunga Strawberry & Vanilla,Herrljunga,Cider,Fruit Cider,500,ml,2.0000
Heverlee,Heverlee,Beer,Lager,330,ml,1.5840
Heverlee,Heverlee,Beer,Lager,1,pint,2.7264
Higson's Amber Ale,Higson's,Beer,Amber Ale,1,pint,2.3288
Higson's Pale Ale,Higson's,Beer,Pale Ale,1,pint,2.1584
Hitachino Nest Red Rice Ale,Hitachino,Beer,Ale,330,ml,2.3100
Hitachino Nest White Ale,Hitachino,Beer,Wheat Beer,330,ml,1.8150
Hobgoblin,Wychwood,Beer,Ale,500,ml,2.6000
Hobgoblin Gold,Wychwood,Beer,Golden Ale,500,ml,2.2500
Hobgoblin Gold,Wychwood,Beer,Ale,1,pint,2.3856
Hobgoblin Ruby,Wychwood,Beer,Ale,1,pint,2.5560
Hoegaarden,Hoegaarden,Beer,Wheat Beer,330,ml,1.6500
Hoegaarden,Hoegaarden,Beer,Wheat Beer,1,pint,2.7264
Hog Island Pale Ale,Shepherd Neame,Beer,Pale Ale,1,pint,2.7264
Hogs Back Chocolate Lager,Hogs Back,Beer,Lager,330,ml,1.4850
Holsten Pils,Holsten,Beer,Lager,275,ml,1.3750
Hooky,Hook Norton Brewery,Beer,Bitter,1,pint,1.9880
Hooky Lion,Hook Norton Brewery,Beer,,1,pint,2.2720
Hop House 13,Guinness,Beer,Lager,330,ml,1.6500
Hop House 13,Guinness,Beer,Lager,330,ml,1.6500
Hop House 13,Guinness,Beer,Lager,1,pint,2.8400
Indian Runner Golden Ale,Indian Runner,Beer,Golden Ale,50,cl,2.3500
Indian Runner Golden Ale,Indian Runner,Beer,Golden Ale,1,pint,2.5560
Indian Runner India Pale Ale,Indian Runner,Beer,IPA,500,ml,2.4500
Indian Runner India Pale Ale,Indian Runner,Beer,IPA,1,pint,2.7832
Inedit Damm,Damm,Beer,Lager,750,ml,3.6000
Inedit Damm,Damm,Beer,Lager,330,ml,1.5840
Inedit Damm,Damm,Beer,Lager,1,pint,2.7264
Innis & Gunn Blood Red Sky,Innis & Gunn,Beer,Lager,330,ml,2.2440
Innis & Gunn Blood Red Sky,Innis & Gunn,Beer,Red Ale,1,pint,2.9536
Innis & Gunn Gunnpowder IPA,Innis & Gunn,Beer,IPA,330,ml,1.8480
Innis & Gunn Gunnpowder IPA,Innis & Gunn,Beer,IPA,330,ml,1.8480
Innis & Gunn Gunnpowder IPA,Innis & Gunn,Beer,IPA,1,pint,3.1808
Innis & Gunn Lager,Innis & Gunn,Beer,Lager,330,ml,1.5180
Innis & Gunn Lager,Innis & Gunn,Beer,Lager,330,ml,1.5180
Innis & Gunn Lager,Innis & Gunn,Beer,Lager,440,ml,2.0240
Innis & Gunn Lager,Innis & Gunn,Beer,Lager,1,pint,2.6128
Innis & Gunn Session IPA,Innis & Gunn,Beer,IPA,330,ml,1.5180
Innis & Gunn Session IPA,Innis & Gunn,Beer,IPA,1,pint,2.3856
Innis & Gunn The Original,Innis & Gunn,Beer,Ale,330,ml,2.1780
Innis & Gunn The Original,Innis & Gunn,Beer,Ale,330,ml,2.1780
Innis & Gunn The Original,Innis & Gunn,Beer,Ale,1,pint,2.9536
Innis & None,Innis & Gunn,Beer,Pale Ale,330,ml,0.0000
Island Records Jamaican Porter,Island Records,Beer,Porter,330,ml,2.0460
Island Records Rocksteady Pilsner,Island Records,Beer,Lager,330,ml,1.3200
Island Records Rocksteady Pilsner,Island Records,Beer,Lager,1,pint,2.2720
Island Records Session IPA,Island Records,Beer,IPA,330,ml,1.4850
Island Records Session IPA,Island Records,Beer,IPA,1,pint,2.5560
Jack Daniels Tennessee Cider,Jack Daniels,Cider,,330,ml,1.8150
Jaipur,Thornbridge,Beer,IPA,1,pint,3.3512
Jennings Clean Slate,Jennings,Beer,,1,pint,2.2720
Jennings Cumberland Ale,Jennings,Beer,Golden Ale,500,ml,2.3500
John Smith's Bitter,John Smith's,Beer,Bitter,1,pint,2.1584
John Smith's Extra Smooth Biiter,John Smith's,Beer,Bitter,440,ml,1.5840
John Smith's Extra Smooth Bitter,John Smith's,Beer,Bitter,1,pint,2.0448
Joker IPA,Williams Bros. Brewing Co.,Beer,IPA,500,ml,2.5000
Kaliber Alcohol Free Lager,Kaliber,Beer,Lager,330,ml,0.0330
Kentish Pip Skylark Sparkling Cider,Kentish Pip,Cider,,330,ml,1.8150
Kentish Pip Wild Summer Elderflower Cider,Kentish Pip,Cider,,330,ml,1.3200
Kingfisher,Kingfisher,Beer,Lager,330,ml,1.5840
Kingfisher,Kingfisher,Beer,Lager,650,ml,3.1200
Kingfisher,Kingfisher,Beer,Lager,1,pint,2.5560
Kinrise Bright Lager,Open Gate,Beer,Lager,1,pint,2.2720
Kirin Ichiban,Kirin,Beer,Lager,330,ml,1.5180
Kirin Ichiban,Kirin,Beer,Lager,1,pint,2.6128
Kissmeyer Eagle Kiss,Kissmeyer,Beer,IPA,330,ml,1.3860
Kissmeyer Easy Kiss,Kissmeyer,Beer,Pale Ale,330,ml,1.8150
Kissmeyer Eclipsed Kiss,Kissmeyer,Beer,Stout,330,ml,2.5410
Kissmeyer Into the Black,Kissmeyer,Beer,IPA,330,ml,2.3100
Kissmeyer Stocholm Syndrome,Kissmeyer,Beer,IPA,330,ml,3.1350
Kissmeyer Strange Fruit Tripel,Kissmeyer,Beer,Lager,330,ml,3.1350
Kissmeyer Young Lust Belgian Blonde,Kissmeyer,Beer,Lager,330,ml,1.9800
Knights Malvern Gold,Knights,Cider,,1,pint,3.4080
Knowle Spring Blonde,Timothy Taylor's,Beer,Blonde Ale,1,pint,2.3856
Kopparberg Black,Kopparberg,Cider,Fruit Cider,1,pint,2.2720
Kopparberg Blueberry & Lime,Kopparberg,Cider,Fruit Cider,500,ml,2.0000
Kopparberg Elderflower & Lime,Kopparberg,Cider,Fruit Cider,500,ml,2.0000
Kopparberg Mixed Fruit,Kopparberg,Cider,Fruit Cider,500,ml,2.0000
Kopparberg Mixed Fruits Non Alcoholic,Kopparberg,Cider,Fruit Cider,500,ml,0.0000
Kopparberg Naked Apple,Kopparberg,Cider,,500,ml,2.2500
Kopparberg Nordic Berry,Kopparberg,Cider,Fruit Cider,500,ml,2.0000
Kopparberg Pear Cider,Kopparberg,Cider,Perry,500,ml,2.2500
Kopparberg Raspberry,Kopparberg,Cider,Fruit Cider,500,ml,2.0000
Kopparberg Strawberry & Lime,Kopparberg,Cider,Fruit Cider,500,ml,2.0000
Kopparberg Strawberry & Lime Non Alcoholic,Kopparberg,Cider,Fruit Cider,500,ml,0.0000
Kozel,Kozel,Beer,Lager,1,pint,2.2720
Krombacher Low Alcohol Pils,Krombacher,Beer,Lager,330,ml,0.1650
Krombacher Pils,Krombacher,Beer,Lager,330,ml,1.5840
Krombacher Pils,Krombacher,Beer,Lager,1,pint,2.7264
Kronenbourg 1664,Kronenbourg,Beer,Lager,275,ml,1.3750
Kronenbourg 1664,Kronenbourg,Beer,Lager,1,pint,2.8400
Krusovice Imperial,Krusovice,Beer,Lager,330,ml,1.6500
Krusovice Imperial,Krusovice,Beer,Lager,1,pint,2.8400
Kwak,Kwak,Beer,Lager,330,ml,2.7720
La Chouette,La Chouette,Cider,,330,ml,1.4850
La Chouffe Blonde,La Chouffe,Beer,Lager,330,ml,2.6400
La Chouffe Blonde,La Chouffe,Beer,Lager,1,pint,4.5440
Lagunitas 12th of Never,Lagunitas,Beer,Ale,355,ml,1.9525
Lagunitas 12th of Never,Lagunitas,Beer,Ale,1,pint,3.1240
Lagunitas DayTime,Lagunitas,Beer,IPA,355,ml,1.6330
Lagunitas IPA,Lagunitas,Beer,IPA,355,ml,2.2010
Lagunitas IPA,Lagunitas,Beer,IPA,1,pint,3.1240
Lal Toofan,Lal Toofan,Beer,Lager,1,pint,2.8400
Leffe Blonde,Leffe,Beer,Lager,330,ml,2.1780
Leffe Blonde,Leffe,Beer,Lager,1,pint,3.7488
Leffe Brune,Leffe,Beer,Abbey Beer,330,ml,2.1450
Leffe Enkel,Leffe,Beer,Lager,1,pint,2.5560
Leffe Noel,Leffe,Beer,Dark Ale,1,pint,3.7488
Liefmans Fruitesse,Liefmans,Beer,Fruit Beer,250,ml,0.9500
Liefmans Fruitesse,Liefmans,Beer,Fruit Beer,330,ml,1.2540
Liefmans Fruitesse,Liefmans,Beer,Fruit Beer,1,pint,2.1584
Liefmans Kriek Brut,Liefmans,Beer,Fruit Beer,330,ml,1.9800
Little Creatures Pale Ale,Little Creatures,Beer,Pale Ale,330,ml,1.7160
Little Creatures Pale Ale,Little Creatures,Beer,Pale Ale,1,pint,2.9536
Livewire American Style IPA,Electric Bear,Beer,IPA,330,ml,1.7820
London Beer Factory Chelsea Blonde,The London Beer Factory,Beer,Lager,330,ml,1.4190
London Bohemia Lager,The London Beer Factory,Beer,Lager,330,ml,1.6500
London Pride,Fuller's,Beer,Ale,330,ml,1.5510
London Pride,Fuller's,Beer,Ale,500,ml,2.3500
London Pride,Fuller's,Beer,Ale,1,pint,2.3288
Lonerider Gunslinger Pale Ale,Lonerider,Beer,Pale Ale,355,ml,1.9170
Lonerider Hoppy Ki Yay,Lonerider,Beer,IPA,355,ml,2.3430
Lonerider Saloon Style Pilsner,Lonerider,Beer,Lager,355,ml,1.4910
Lowenbrau,Lowenbrau,Beer,Lager,1,pint,2.8400
Lowlander American Pale Ale,Lowlander,Beer,Pale Ale,330,ml,1.4850
Lowlander IPA,Lowlander,Beer,IPA,330,ml,1.9800
Lowlander Poorter,Lowlander,Beer,Porter,330,ml,1.9800
Lowlander White Ale,Lowlander,Beer,Ale,330,ml,1.6500
Lushingtons,Skinners,Beer,Pale Ale,1,pint,2.3856
Macbeth - Scottish Pale Ale,Deeside,Beer,Pale Ale,500,ml,2.0500
Machlachlan's Best Ale,Machlachlan's,Beer,Ale,1,pint,2.0448
Maeloc Blackberry Cider,Maeloc,Cider,Fruit Cider,330,ml,1.3200
Maeloc Dry Apple Cider,Maeloc,Cider,,330,ml,1.4850
Maeloc Strawberry Cider,Maeloc,Cider,Fruit Cider,330,ml,1.3200
Magners Dark Fruit,Magners,Cider,Fruit Cider,500,ml,2.0000
Magners Dark Fruit,Magners,Cider,Fruit Cider,1,pint,2.2720
Magners Golden Draught,Magners,Cider,,1,pint,2.5560
Magners Orchard Berries,Magners,Cider,Fruit Cider,500,ml,2.0000
Magners Original,Magners,Cider,,330,ml,1.4850
Magners Original,Magners,Cider,,500,ml,2.2500
Magners Original,Magners,Cider,,568,ml,2.5560
Magners Original,Magners,Cider,,440,ml,1.9800
Magners Original,Magners,Cider,,500,ml,2.2500
Magners Original,Magners,Cider,,1,pint,2.5560
Magners Pear Cider,Magners,Cider,Perry,330,ml,1.4850
Magners Pear Cider,Magners,Cider,Perry,568,ml,2.5560
Mahou,Mahou,Beer,Lager,330,ml,1.6830
Mahou,Mahou,Beer,Lager,1,pint,2.8968
Manns Brown Ale,Manns,Beer,Brown Ale,275,ml,0.7700
March Of The Penguins,Williams Bros. Brewing Co.,Beer,Stout,500,ml,2.5000
Marmalade on Toast,Greene King,Beer,Ale,1,pint,2.5560
Marston's 61 Deep Pale Ale,Marston's,Beer,Pale Ale,1,pint,2.1584
Marston's EPA,Marston's,Beer,Blonde Ale,500,ml,1.8000
Marston's EPA,Marston's,Beer,Blonde Ale,1,pint,2.0448
Marston's Old Empire IPA,Marston's,Beer,IPA,500,ml,2.8500
Marston's Pearl Jet,Marston's,Beer,Stout,500,ml,2.0500
Marston's Pearl Jet,Marston's,Beer,Stout,1,pint,2.3288
Marston's Pedigree,Marston's,Beer,Ale,500,ml,2.5000
Marston's Pedigree,Marston's,Beer,Ale,1,pint,2.5560
Marstons Resolution,Marston's,Beer,Ale,275,ml,1.2925
McEwan's 60/-,McEwan's,Beer,Pale Ale,1,pint,1.8176
McEwan's 70/-,McEwan's,Beer,Ale,1,pint,2.1016
McEwan's 80/-,McEwan's,Beer,Ale,1,pint,2.3856
McEwan's Export,McEwan's,Beer,Ale,500,ml,2.2500
McEwan's Export,McEwan's,Beer,Ale,1,pint,2.5560
Meantime Anytime IPA,Meantime,Beer,IPA,1,pint,2.6696
Meantime Cali Pale Ale,Meantime,Beer,Pale Ale,1,pint,2.8400
Meantime Chocolate Porter,Meantime,Beer,Porter,330,ml,2.1450
Meantime Fest Bier,Meantime,Beer,Lager,1,pint,3.1808
Meantime Fools Gold,Meantime,Beer,Ale,1,pint,2.5560
Meantime Helles Lager,Meantime,Beer,Lager,330,ml,1.3860
Meantime Helles Lager,Meantime,Beer,Lager,1,pint,2.3856
Meantime London IPA,Meantime,Beer,IPA,330,ml,2.4420
Meantime London Lager,Meantime,Beer,Lager,330,ml,1.4850
Meantime London Lager,Meantime,Beer,Lager,330,ml,1.4850
Meantime London Lager,Meantime,Beer,Lager,1,pint,2.5560
Meantime London Pale Ale,Meantime,Beer,Pale Ale,330,ml,1.4190
Meantime London Pale Ale,Meantime,Beer,Pale Ale,330,ml,1.4190
Meantime London Pale Ale,Meantime,Beer,Pale Ale,1,pint,2.4424
Meantime London Stout,Meantime,Beer,Stout,330,ml,1.4850
Meantime Lucky Hop,Meantime,Beer,Summer Ale,1,pint,2.4992
Meantime Meridian Lager,Meantime,Beer,Lager,1,pint,2.8400
Meantime Pilsner,Meantime,Beer,Lager,330,ml,1.4520
Meantime Pilsner,Meantime,Beer,Lager,1,pint,2.4992
Meantime Wheat,Meantime,Beer,Wheat Beer,330,ml,1.6500
Meantime Winter Sun,Meantime,Beer,Ale,1,pint,3.3512
Meantime Yakima Red,Meantime,Beer,Red Ale,330,ml,1.3530
Meantime Yakima Red,Meantime,Beer,Red Ale,330,ml,1.3530
Meantime Yakima Red,Meantime,Beer,Red Ale,1,pint,2.3288
Mela Rossa,Angioletti,Cider,,330,ml,1.6500
Menabrea Amber,Menabrea,Beer,Lager,330,ml,1.6500
Menabrea Blonde,Menabrea,Beer,Lager,330,ml,1.5840
Menabrea Blonde,Menabrea,Beer,Lager,1,pint,2.7264
Miller Genuine Draft,Miller,Beer,Lager,330,ml,1.5510
Modelo Especial,Modelo,Beer,Lager,355,ml,1.5975
Modelo Negra,Modelo,Beer,Lager,355,ml,1.8815
Monteith's Bohemian Pilsner,Monteith's,Beer,Lager,330,ml,1.6500
Monteith's Summer Ale,Monteith's,Beer,Summer Ale,330,ml,1.6500
Murphy's Irish Stout,Murphy's,Beer,Stout,1,pint,2.2720
My Generation Pale Ale,My Generation,Beer,Pale Ale,1,pint,2.3856
Natch,Natch,Cider,,500,ml,2.6000
Natch,Natch,Cider,,1,pint,2.9536
Newcastle Brown Ale,Newcastle Brown Ale,Beer,Brown Ale,550,ml,2.5850
Nomad Beach House Pale,Nomad,Beer,Pale Ale,330,ml,1.6500
Nomad Freshie Salt & Pepper Gose,Nomad,Beer,Gose,330,ml,1.4850
Nomad Jet Leg IPA,Nomad,Beer,IPA,330,ml,1.9800
Nomad Juicy As Fruit IPA,Nomad,Beer,IPA,330,ml,1.4850
Nomad South Pacific Dream,Nomad,Beer,Pale Ale,330,ml,1.3200
North Brewing Herzog,North Brewing,Beer,Lager,330,ml,1.6500
North Brewing Pinata,North Brewing,Beer,Pale Ale,330,ml,1.4850
North Brewing Sputnik,North Brewing,Beer,Pale Ale,330,ml,1.6500
North Brewing Transmission IPA,North Brewing,Beer,IPA,330,ml,2.2770
Oakham Ales Inferno,Oakham Ales,Beer,Ale,500,ml,2.3000
Old Blue Last,Old Blue Last ,Beer,Lager,355,ml,1.7750
Old Blue Last,Old Blue Last ,Beer,Lager,1,pint,2.8400
Old Golden Hen,Morland,Beer,Golden Ale,1,pint,2.3288
Old Hooky,Hook Norton Brewery,Beer,Bitter,500,ml,2.3000
Old Hooky,Hook Norton Brewery,Beer,Bitter,1,pint,2.6128
Old Hoppy Hen,Morland,Beer,Pale Ale,1,pint,2.7264
Old Mout Berries & Cherries,Old Mout,Cider,Fruit Cider,500,ml,2.0000
Old Mout Berries & Cherries 0%,Old Mout,Cider,Fruit Cider,500,ml,0.0000
Old Mout Kiwi & Lime,Old Mout,Cider,Fruit Cider,500,ml,2.0000
Old Mout Passion & Apple,Old Mout,Cider,Fruit Cider,500,ml,2.0000
Old Mout Strawberry & Pomegranate,Old Mout,Cider,Fruit Cider,500,ml,2.0000
Old Speckled Hen,Morland,Beer,Pale Ale,335,ml,1.6750
Old Speckled Hen,Morland,Beer,Ale,500,ml,2.5000
Old Speckled Hen,Morland,Beer,Ale,1,pint,2.5560
Old Speckled Hen Gluten Free,Morland,Beer,Ale,500,ml,2.5000
Olde English,Olde English,Cider,,1,pint,2.5560
Open Gate Citra IPA,Open Gate,Beer,IPA,1,pint,2.8400
Open Gate Pilsner,Open Gate,Beer,Lager,1,pint,2.8400
Orchard Pig Charmer,Orchard Pig,Cider,,500,ml,3.0000
Orchard Pig Explorer,Orchard Pig,Cider,,1,pint,2.5560
Orchard Pig Navelgazer,Orchard Pig,Cider,,1,pint,3.4080
Orchard Pig Reveller,Orchard Pig,Cider,,500,ml,2.2500
Orchard Pig Reveller,Orchard Pig,Cider,,440,ml,1.9800
Orchard Pig Reveller,Orchard Pig,Cider,,1,pint,2.5560
Orchard Pig The Hogfather,Orchard Pig,Cider,,1,pint,4.2032
Orchard Pig Truffler,Orchard Pig,Cider,,500,ml,3.0000
Orchard Thieves,Orchard Thieves,Cider,,330,ml,1.4850
Orchard Thieves,Orchard Thieves,Cider,,1,pint,2.5560
Orpens Fresh Pressed Apple Cider,Orpens,Cider,,330,ml,1.7490
Ossian Golden Ale,Inveralmond Brewery,Beer,Golden Ale,1,pint,2.3288
Pabst Blue Ribbon Beer,Pabst,Beer,Lager,330,ml,1.5180
Pabst Blue Ribbon Beer,Pabst,Beer,Lager,355,ml,1.6330
Pacifico Clara,Pacifico,Beer,Lager,355,ml,1.5975
Palax,Palax,Beer,Lager,330,ml,1.6170
Palax,Palax,Beer,Lager,1,pint,2.7832
Palma Cristal,Palma Cristal,Beer,Lager,350,ml,1.7150
Paxton IPA,The London Beer Factory,Beer,IPA,330,ml,1.8150
Paxton IPA,The London Beer Factory,Beer,IPA,1,pint,3.1240
Peroni Ambra,Peroni,Beer,Lager,250,ml,1.5000
Peroni Gran Riserva,Peroni,Beer,Lager,330,ml,2.1780
Peroni Nastro Azzurro,Peroni,Beer,Lager,330,ml,1.6830
Peroni Nastro Azzurro,Peroni,Beer,Lager,660,ml,3.3660
Peroni Nastro Azzurro,Peroni,Beer,Lager,1,pint,2.8968
Peroni Nastro Azzurro (Gluten Free),Peroni,Beer,Lager,330,ml,1.6830
Peroni Nastro Azzurro Piccola,Peroni,Beer,Lager,250,ml,1.2750
Peroni Red,Peroni,Beer,Lager,330,ml,1.5510
Pig & Porter Dance First,Pig & Porter,Beer,Porter,330,ml,1.3860
Pig & Porter Gothic Imperial Stout,Pig & Porter,Beer,Porter,330,ml,2.4420
Pig & Porter Red Spider Rye,Pig & Porter,Beer,Rye Beer,330,ml,1.5840
Pig & Porter Skylarking Session IPA,Pig & Porter,Beer,IPA,330,ml,1.3200
Pilsner Urquell,Pilsner Urquell,Beer,Lager,330,ml,1.4520
Pilsner Urquell,Pilsner Urquell,Beer,Lager,1,pint,2.4992
Pimm's Mango & Passion Fruit Cider Cup,Pimm's,Cider,Fruit Cider,500,ml,2.0000
Pimm's Plum & Red Apple Cider Cup,Pimm's,Cider,Fruit Cider,500,ml,2.0000
Pimm's Strawberry & Cucumber Cider Cup,Pimm's,Cider,Fruit Cider,500,ml,2.0000
Pimm's Summer Fruits Cider Cup,Pimm's,Cider,Fruit Cider,500,ml,2.0000
Pistonhead Kustom Lager,Pistonhead,Beer,Lager,330,ml,1.5180
Point Amber Lager,Point,Beer,Lager,355,ml,1.6685
Point Amber Lager,Point,Beer,Lager,1,pint,2.6696
Point Belgium White,Point,Beer,Wheat Beer,355,ml,1.9170
Point IPA,Point,Beer,IPA,355,ml,1.9880
Point Pale Ale,Point,Beer,Pale Ale,355,ml,1.9170
Point Pale Ale,Point,Beer,Pale Ale,1,pint,3.0672
Polar Monkeys Blue Collar Amber Lager,Polar Monkeys,Beer,Lager,330,ml,1.6500
Polar Monkeys Blue Collar Amber Lager,Polar Monkeys,Beer,Lager,1,pint,2.8400
Polar Monkeys Chairman IPA,Polar Monkeys,Beer,IPA,330,ml,1.9800
Polar Monkeys Chairman IPA,Polar Monkeys,Beer,IPA,1,pint,3.4080
Polar Monkeys White Collar Golden Ale,Polar Monkeys,Beer,Golden Ale,330,ml,1.8150
Port City Optimal Wit,Port City,Beer,Wheat Beer,355,ml,1.7395
Port City Porter,Port City,Beer,Porter,355,ml,2.5560
Porterhouse Dublin Pale Ale,Porterhouse,Beer,Pale Ale,1,pint,2.3856
Porterhouse Hop Head IPA,Porterhouse,Beer,IPA,1,pint,2.8400
Porterhouse Nitro Red Ale,Porterhouse,Beer,Ale,1,pint,2.3856
Portobello London Pilsner,Portobello Brewing Co,Beer,Lager,330,ml,1.5180
Portobello London Pilsner,Portobello Brewing Co,Beer,Lager,330,ml,1.5180
Portobello London Pilsner,Portobello Brewing Co,Beer,Lager,1,pint,2.6128
Portobello Westways Pale Ale,Portobello Brewing Co,Beer,Pale Ale,330,ml,1.3200
Pravha,Pravha,Beer,Lager,1,pint,2.2720
Punk IPA,BrewDog,Beer,Beer,1,pint,3.0672
Quilmes,Quilmes,Beer,Lager,340,ml,1.6660
Red Stripe,Red Stripe,Beer,Lager,300,ml,1.4100
Red Stripe,Red Stripe,Beer,Lager,330,ml,1.5510
Red Stripe,Red Stripe,Beer,Lager,440,ml,2.0680
Red Stripe,Red Stripe,Beer,Lager,1,pint,2.6696
Redchurch Bethnal Pale Ale,Redchurch,Beer,Pale Ale,330,ml,1.8150
Redchurch Bethnal Pale Ale,Redchurch,Beer,Ale,1,pint,3.1240
Redchurch Great Eastern IPA,Redchurch,Beer,IPA,330,ml,2.4420
Redchurch Great Eastern IPA,Redchurch,Beer,IPA,1,pint,4.2032
Redchurch Hoxton Stout,Redchurch,Beer,Stout,330,ml,1.6500
Redchurch Hoxton Stout,Redchurch,Beer,Stout,1,pint,2.8400
Redchurch Lager,Redchurch,Beer,Lager,330,ml,1.5510
Redchurch Lager,Redchurch,Beer,Lager,1,pint,2.6696
Redchurch Old Ford Export Stout,Redchurch,Beer,Lager,330,ml,2.4750
Redchurch Old Ford Export Stout,Redchurch,Beer,Lager,1,pint,4.2600
Redchurch Paradise Pale Ale,Redchurch,Beer,Pale Ale,330,ml,1.2210
Redchurch Paradise Pale Ale,Redchurch,Beer,Pale Ale,1,pint,2.1016
Redchurch Shoreditch Blonde,Redchurch,Beer,Lager,330,ml,1.4850
Redchurch Shoreditch Blonde,Redchurch,Beer,Lager,1,pint,2.5560
Rekorderlig Apple Cider,Rekorderlig,Cider,,500,ml,2.2500
Rekorderlig Botanicals Grapefruit & Rosemary,Rekorderlig,Cider,Fruit Cider,330,ml,1.3200
Rekorderlig Botanicals Peach & Basil,Rekorderlig,Cider,Fruit Cider,330,ml,1.3200
"Rekorderlig Botanicals Rhubarb, Lemon & Mint",Rekorderlig,Cider,Fruit Cider,330,ml,1.3200
Rekorderlig Dry Apple Cider,Rekorderlig,Cider,,1,pint,2.8400
Rekorderlig Mango & Raspberry,Rekorderlig,Cider,Fruit Cider,500,ml,2.0000
Rekorderlig Mango & Raspberry,Rekorderlig,Cider,Fruit Cider,330,ml,1.4850
Rekorderlig Passion Fruit,Rekorderlig,Cider,Fruit Cider,500,ml,2.0000
Rekorderlig Passion Fruit,Rekorderlig,Cider,Fruit Cider,1,pint,2.2720
Rekorderlig Pear Cider,Rekorderlig,Cider,Perry,500,ml,2.2500
Rekorderlig Spiced Plum,Rekorderlig,Cider,Fruit Cider,500,ml,2.0000
Rekorderlig Strawberry & Lime,Rekorderlig,Cider,Fruit Cider,500,ml,2.0000
Rekorderlig Strawberry & Lime,Rekorderlig,Cider,Fruit Cider,330,ml,1.3200
Rekorderlig Strawberry & Lime,Rekorderlig,Cider,Fruit Cider,1,pint,2.2720
Rekorderlig Strawberry & Lime Low Alcohol,Rekorderlig,Cider,Fruit Cider,500,ml,0.1000
Rekorderlig Wild Berries,Rekorderlig,Cider,Fruit Cider,500,ml,2.0000
Rekorderlig Wild Berries,Rekorderlig,Cider,Fruit Cider,330,ml,1.3200
Revisionist Craft Lager,Revisionist,Beer,Lager,1,pint,2.2720
Riggwelter,Black Sheep,Beer,Ale,1,pint,3.3512
Ringwood Fortyniner,Ringwood,Beer,Golden Ale,1,pint,2.7832
Rocking Rudolph,Hardys & Hansons,Beer,,1,pint,2.3856
Rothhammer Golden Ale,Rothhammer,Beer,Golden Ale,1,pint,3.1240
Rothhammer Nazca IPA,Rothhammer,Beer,IPA,1,pint,2.6696
Rothhammer Red Ale,Rothhammer,Beer,Red Ale,1,pint,2.5560
Rothhammer Stratus Lager,Rothhammer,Beer,Lager,350,ml,1.4700
Rothhammer Stratus lager,Rothhammer,Beer,Lager,1,pint,2.3856
Ruck & Roll,St Austell,Beer,Ale,1,pint,2.2720
Ruddles Best,Ruddles,Beer,Bitter,1,pint,2.1016
Rudolph's Reward,No. 18 Yard Brewhouse,Beer,Light Ale,1,pint,2.1016
Sadler's Peaky Blinder Craft Lager,Sadler's Peaky Blinder,Beer,Lager,1,pint,2.3288
Sadler's Peaky Blinder Lager,Sadler's Peaky Blinder,Beer,Lager,330,ml,1.3530
Sadler's Peaky Blinder Pale Ale,Sadler's Peaky Blinder,Beer,Pale Ale,500,ml,2.2000
Sagres,Sagres,Beer,Lager,1,pint,2.8400
Saint Lager,Saint,Beer,Lager,330,ml,1.5180
Salitos,Salitos,Beer,Lager,330,ml,1.9470
Samuel Adams Boston Lager,Samuel Adams,Beer,Lager,330,ml,1.5840
Samuel Adams Boston Lager,Samuel Adams,Beer,Lager,1,pint,2.7264
San Miguel,San Miguel,Beer,Lager,330,ml,1.6500
San Miguel,San Miguel,Beer,Lager,1,pint,2.8400
San Miguel Fresca,San Miguel,Beer,Lager,330,ml,1.4520
Sandford Orchards Berry Lane Cider,Sandford Orchards,Cider,Fruit Cider,500,ml,2.0000
Sandford Orchards Devon Mist,Sandford Orchards,Cider,,500,ml,2.2500
Sandford Orchards Devon Mist,Sandford Orchards,Cider,,1,pint,2.5560
Sandford Orchards Devon Red,Sandford Orchards,Cider,,500,ml,2.2500
Sandford Orchards Devon Red,Sandford Orchards,Cider,,330,ml,1.4850
Sandford Orchards Devon Red,Sandford Orchards,Cider,,1,pint,2.5560
Sandford Orchards Old Blossom,Sandford Orchards,Cider,,500,ml,2.0000
Sandford Orchards St Louis Dry Hopped,Sandford Orchards,Cider,,330,ml,1.8150
Sassy Cidre Lâ€™imitable,Sassy Cidre,Cider,,33,cl,1.7160
Sassy Cidre Rose,Sassy Cidre,Cider,,33,cl,0.9900
Savanna Dry Cider,Savanna,Cider,,330,ml,1.6500
Sayers Stout,The London Beer Factory,Beer,Stout,330,ml,1.4850
Seven Bro7hers EPA,Seven Bro7hers,Beer,Pale Ale,330,ml,1.5840
Seven Bro7hers IPA,Seven Bro7hers,Beer,IPA,330,ml,1.6500
Seven Bro7hers IPA,Seven Bro7hers,Beer,IPA,1,pint,2.8400
Seven Giraffes,Williams Bros. Brewing Co.,Beer,IPA,500,ml,2.5500
Sharp's Atlantic Pale Ale,Sharp's,Beer,Beer,1,pint,2.3856
Sharps 6 Vintage Blend,Sharps,Beer,Ale,330,ml,2.4420
Sharps Cornish Pilsner,Sharps,Beer,Lager,330,ml,1.7160
Sharps Cornish Pilsner,Sharps,Beer,Lager,1,pint,2.9536
Sharps Offshore Pilsner,Sharps,Beer,Lager,330,ml,1.5840
Sharps Offshore Pilsner,Sharps,Beer,Lager,1,pint,2.7264
Sharps Orchard Cider,Sharps,Cider,,1,pint,2.5560
Sharps Single Brew,Sharps,Beer,Lager,330,ml,1.4850
Shed Head,Backyard Brew,Beer,Lager,1,pint,2.6128
Sheppy's 200 Special Edition Cider,Sheppy's,Cider,,1,pint,2.8400
Sheppy's Classic Draught Cider,Sheppy's,Cider,,1,pint,3.1240
Sheppy's Oakwood Cider,Sheppy's,Cider,,1,pint,2.7264
Shipyard Pale Ale,Shipyard,Beer,Beer,1,pint,2.5560
Shipyard Rye Pale Ale,Shipyard,Beer,Rye Beer,1,pint,2.4424
Shipyard Summer Ale,Shipyard,Beer,Wheat Beer,1,pint,2.7264
Sierra Nevada California IPA,Sierra Nevada,Beer,IPA,355,ml,1.4910
Sierra Nevada California IPA,Sierra Nevada,Beer,IPA,1,pint,2.3856
Sierra Nevada Pale Ale,Sierra Nevada,Beer,Pale Ale,355,ml,1.9880
Sierra Nevada Pale Ale,Sierra Nevada,Beer,Pale Ale,355,ml,1.9880
Sierra Nevada Pale Ale,Sierra Nevada,Beer,Pale Ale,1,pint,2.8400
Sierra Nevada Porter,Sierra Nevada,Beer,Porter,355,ml,1.9880
Sierra Nevada Torpedo Extra IPA,Sierra Nevada,Beer,IPA,355,ml,2.5560
Sierra Nevada Tropical Torpedo,Sierra Nevada,Beer,IPA,355,ml,2.3785
Singha,Singha,Beer,Lager,330,ml,1.6500
Siren Craft Brew Calypso,Siren Craft Brew,Beer,Sour Beer,330,ml,1.3200
Siren Craft Brew Soundwave,Siren Craft Brew,Beer,IPA,330,ml,1.8480
Siren Craft Brew Soundwave,Siren Craft Brew,Beer,IPA,1,pint,3.1808
Siren Craft Brew Yu Lu,Siren Craft Brew,Beer,Ale,330,ml,1.2540
Skinny Brands Lager,Skinny Brands,Beer,Lager,330,ml,1.3200
Smirnoff Cider Mandarin & Pink Grapefruit,Smirnoff,Cider,Fruit Cider,500,ml,2.0000
Smirnoff Cider Passionfruit & Lime,Smirnoff,Cider,Fruit Cider,330,ml,1.3200
Smirnoff Cider Passionfruit & Lime,Smirnoff,Cider,Fruit Cider,500,ml,2.0000
Smirnoff Cider Raspberry & Pomegranate,Smirnoff,Cider,Fruit Cider,330,ml,1.3200
Smirnoff Cider Raspberry & Pomegranate,Smirnoff,Cider,Fruit Cider,500,ml,2.0000
Sol,Sol,Beer,Lager,330,ml,1.4850
Somersby Cider,Somersby,Cider,,500,ml,2.2500
Somersby Cider,Somersby,Cider,,1,pint,2.5560
Somersby Strawberry & Rhubarb,Somersby,Cider,Fruit Cider,1,pint,2.2720
Spaten Helles,Spaten,Beer,Lager,1,pint,2.9536
Spindrift,Adnams,Beer,Blonde Ale,1,pint,2.2720
Spitfire,Shepherd Neame,Beer,Ale,1,pint,2.3856
Spring Fever,St Austell,Beer,Ale,1,pint,2.3288
St Andrews Ale,Belhaven Brewery,Beer,Amber Ale,1,pint,2.7832
St Austell Jolly Holly,St Austell,Beer,Ale,1,pint,2.5560
St Austell Liquid Sun,St Austell,Beer,Golden Ale,1,pint,2.2152
St Austell Proper Job,St Austell,Beer,IPA,1,pint,2.5560
St Austell Tribute,St Austell,Beer,Ale,1,pint,2.3856
St George and the Dragon,Wadworth,Beer,Ale,1,pint,2.5560
St Stefanus Blonde,St Stefanus,Beer,Abbey Beer,330,ml,2.3100
St Stefanus Blonde,St Stefanus,Beer,Abbey Beer,1,pint,3.9760
Staropramen,Staropramen,Beer,Lager,330,ml,1.6500
Staropramen,Staropramen,Beer,Lager,1,pint,2.8400
Stella Artois,Stella Artois,Beer,Lager,330,ml,1.5840
Stella Artois,Stella Artois,Beer,Lager,440,ml,2.1120
Stella Artois,Stella Artois,Beer,Lager,1,pint,2.7264
Stella Artois 4%,Stella Artois,Beer,Lager,1,pint,2.2720
Stella Artois Black,Stella Artois,Beer,Lager,1,pint,2.7832
Stella Artois Cidre Apple,Stella Artois,Cider,,500,ml,2.2500
Stella Artois Cidre Peach,Stella Artois,Cider,Fruit Cider,500,ml,2.0000
Stella Artois Cidre Pear,Stella Artois,Cider,Fruit Cider,568,ml,2.5560
Stella Artois Cidre Raspberry,Stella Artois,Cider,Fruit Cider,500,ml,2.0000
Stella Artois Gluten Free,Stella Artois,Beer,Lager,330,ml,1.5840
Stella Cidre,Stella Artois,Cider,,1,pint,2.5560
Stewart Edinburgh Gold,Stewart,Beer,Golden Ale,330,ml,1.5840
Stewart Hollyrood Pale Ale,Stewart,Beer,Pale Ale,330,ml,1.6500
Stewart Ka Pai Hopped Pale Ale,Stewart,Beer,Pale Ale,330,ml,1.7160
Stone Go To IPA,Stone,Beer,IPA,330,ml,1.5510
Stone Go To IPA,Stone,Beer,IPA,1,pint,2.6696
Stone IPA,Stone,Beer,IPA,330,ml,2.2770
Stone White Ghost Berliner Weisse,Stone,Beer,Wheat Beer,330,ml,1.5510
Stowford Press,Stowford Press,Cider,,500,ml,2.2500
Stowford Press 0.5% Low Alcohol Cider,Stowford Press,Cider,,330,ml,0.1650
Stowford Press Draught Cider,Stowford Press,Cider,,1,pint,2.5560
Stowford Press Mixed Berries,Stowford Press,Cider,Fruit Cider,1,pint,2.2720
Strongbow,Strongbow,Cider,,330,ml,1.6500
Strongbow,Strongbow,Cider,,1,pint,2.5560
Sxollie Golden Delicous Cider,Sxollie,Cider,,330,ml,1.4850
Sxollie Granny Smith Cider,Sxollie,Cider,,330,ml,1.4850
Symonds Founder's Reserve Cider,Symonds,Cider,,1,pint,2.5560
Tailgate Peanut Butter Milk Stout,TailGate,Beer,Stout,355,ml,2.0590
Tailgate South East IPA,TailGate,Beer,IPA,355,ml,2.2010
Tartan Special,Younger's,Beer,Ale,1,pint,2.1016
Taunton Traditional Cider,Taunton Traditional Cider,Cider,,1,pint,2.9536
Tennent's 80/- Ember,Tennent's,Beer,Bitter,1,pint,2.3856
Tennent's Lager,Tennent's,Beer,Lager,500,ml,2.0000
Tennent's Lager,Tennent's,Beer,Lager,1,pint,2.2720
Tennent's Special,Tennent's,Beer,Bitter,500,ml,1.7500
Tennent's Special 70/-,Tennent's,Beer,Bitter,1,pint,1.9880
Tetley Smoothflow Bitter,Tetley's,Beer,Bitter,1,pint,2.0448
Tetley's Dark Mild,Tetley's,Beer,Ale,1,pint,1.5904
Tetley's Mild,Tetley's,Beer,Ale,1,pint,1.8176
Tetley's Smoothflow Bitter,Tetley's,Beer,Bitter,1,pint,2.0448
Tetley's Traditional Bitter,Tetley's,Beer,Bitter,1,pint,2.1016
Thatchers Gold,Thatchers,Cider,,500,ml,2.4000
Thatchers Gold,Thatchers,Cider,,1,pint,2.7264
Thatchers Green Goblin,Thatchers,Cider,,500,ml,2.5000
Thatchers Haze,Thatchers,Cider,,500,ml,2.2500
Thatchers Haze,Thatchers,Cider,,1,pint,2.5560
Thatchers Katy,Thatchers,Cider,,500,ml,3.7000
Thatchers Old Rascal,Thatchers,Cider,,500,ml,2.2500
Thatchers Old Rascal,Thatchers,Cider,,1,pint,2.5560
Thatchers Stan's Big Apple,Thatchers,Cider,,1,pint,2.8400
Thatchers Stan's Cheddar Valley,Thatchers,Cider,,1,pint,2.8400
Thatchers Stan's Trad,Thatchers,Cider,,1,pint,3.4080
The Cotswold Cider Co BlowHorn,The Cotswold Cider Co,Cider,,330,ml,1.3200
The Cotswold Cider Co No Brainer,The Cotswold Cider Co,Cider,,330,ml,1.5840
The Cotswold Cider Co Side Burns,The Cotswold Cider Co,Cider,,330,ml,1.7820
The Cotswold Cider Co Sweet Cheeks,The Cotswold Cider Co,Cider,Fruit Cider,330,ml,1.3200
The Other Side of the Blond,Vic Ale,Beer,Blonde Ale,330,ml,1.6500
Theakstons Best Bitter,Theakstons,Beer,Bitter,1,pint,2.1584
Thistly Cross Cider,Thistly Cross Cider,Cider,,500,ml,3.1000
Thistly Cross Ginger,Thistly Cross Cider,Cider,,330,ml,1.3200
Thistly Cross Real Elderflower Cider,Thistly Cross Cider,Cider,,330,ml,1.3200
Thistly Cross Real Strawberry Cider,Thistly Cross Cider,Cider,Fruit Cider,330,ml,1.3200
Thistly Cross Traditional Cider,Thistly Cross Cider,Cider,,500,ml,2.2000
Thistly Cross Traditional Cider,Thistly Cross Cider,Cider,,1,pint,2.4992
Thistly Cross Whisky Cask Cider,Thistly Cross Cider,Cider,,500,ml,3.4500
Thornbridge AM:PM,Thornbridge,Beer,IPA,330,ml,1.4850
Thornbridge AM:PM,Thornbridge,Beer,IPA,1,pint,2.5560
Thornbridge Jaipur,Thornbridge,Beer,IPA,330,ml,1.9470
Thornbridge Lukas Helles Lager,Thornbridge,Beer,Lager,330,ml,1.3860
Thornbridge Lukas Helles Lager,Thornbridge,Beer,Lager,1,pint,2.3856
Thornbridge Tart Bakewell Sour,Thornbridge,Beer,Sour Beer,330,ml,1.9800
Tiger,Tiger,Beer,Lager,330,ml,1.5840
Tiger,Tiger,Beer,Lager,1,pint,2.7264
Timmermans Peche,Timmermans,Beer,Fruit Beer,330,ml,1.3200
Timothy Taylor's Boltmaker,Timothy Taylor's,Beer,Bitter,1,pint,2.2720
Timothy Taylor's Landlord,Timothy Taylor's,Beer,Beer,1,pint,2.4424
Tiny Rebel Beatbox,Tiny Rebel,Beer,Pale Ale,330,ml,1.4850
Tiny Rebel Bo'Ho,Tiny Rebel,Beer,Lager,330,ml,1.6500
Tiny Rebel Cali,Tiny Rebel,Beer,Pale Ale,330,ml,1.8480
Tiny Rebel Clwb Tropicana,Tiny Rebel,Beer,IPA,330,ml,1.8150
Tiny Rebel Clwb Tropicana,Tiny Rebel,Beer,IPA,1,pint,3.1240
Tiny Rebel Cwtch,Tiny Rebel,Beer,Red Ale,330,ml,1.5180
Tiny Rebel Cwtch,Tiny Rebel,Beer,Red Ale,330,ml,1.5180
Tiny Rebel Cwtch,Tiny Rebel,Beer,Red Ale,1,pint,2.6128
Tiny Rebel Dirty Stop Out,Tiny Rebel,Beer,Stout,330,ml,1.5180
Tiny Rebel Dutty,Tiny Rebel,Beer,IPA,330,ml,1.3860
Tiny Rebel Dutty,Tiny Rebel,Beer,IPA,1,pint,2.3856
Tiny Rebel Frambuzi,Tiny Rebel,Beer,Sour Beer,330,ml,1.4190
Tiny Rebel Fubar,Tiny Rebel,Beer,Pale Ale,330,ml,1.4520
Tiny Rebel Stay Puft,Tiny Rebel,Beer,Porter,330,ml,1.7160
Toast Purebread Pale Ale,Toast,Beer,Pale Ale,330,ml,1.6500
Tribute,St Austell,Beer,Beer,1,pint,2.3856
Tsingtao,Tsingtao,Beer,Lager,330,ml,1.5510
Tuborg,Tuborg,Beer,Lager,1,pint,2.2720
Two Fingers Aurelio,Two Fingers,Beer,Golden Ale,330,ml,1.5840
Two Tribes Material World American Pale Ale,Two Tribes,Beer,Pale Ale,330,ml,1.8150
Two Tribes New Romantic Passion Fruit Gose,Two Tribes,Beer,Gose,330,ml,1.1880
Two Tribes Non Stop Hits Modern Lager,Two Tribes,Beer,Lager,330,ml,1.6500
Tyskie Gronie,Tyskie,Beer,Lager,500,ml,2.5000
Union,Butcombe,Beer,Ale,1,pint,2.7264
Vedett Blond,Vedett,Beer,Lager,330,ml,1.6500
Vedett Blond,Vedett,Beer,Lager,330,ml,1.7160
Vedett Extra Blonde,Vedett,Beer,Lager,1,pint,2.8400
Vedett Extra Ordinary IPA,Vedett,Beer,IPA,1,pint,3.1240
Vedett Extra White,Vedett,Beer,Wheat Beer,330,ml,1.5510
Vedett Extra White,Vedett,Beer,Wheat Beer,1,pint,2.6696
Vedett IPA,Vedett,Beer,IPA,330,ml,1.8150
Vedett IPA,Vedett,Beer,IPA,330,ml,1.8150
Vedett Session IPA,Vedett,Beer,IPA,330,ml,0.8910
Vic Ale Mumbai IPA,Vic Ale,Beer,IPA,330,ml,2.0460
Waddlegoose Cyder,Waddlegoose,Cider,,500,ml,2.3000
Waddlegoose Cyder,Waddlegoose,Cider,,1,pint,2.6128
Waddlegoose Three Berry,Waddlegoose,Cider,Fruit Cider,500,ml,1.9000
Waddlegoose Three Berry,Waddlegoose,Cider,Fruit Cider,1,pint,2.1584
Wadworth 6X,Wadworth,Beer,Amber Ale,500,ml,2.1500
Wadworth 6X,Wadworth,Beer,Amber Ale,1,pint,2.3288
Wadworth 6X Gold,Wadworth,Beer,Golden Ale,500,ml,2.2500
Wadworth Big Baubles,Wadworth,Beer,Pale Ale,1,pint,2.7832
Wadworth Bishops Tipple,Wadworth,Beer,Ale,500,ml,2.5000
Wadworth Bishops Tipple,Wadworth,Beer,Ale,1,pint,2.8400
Wadworth Brewer's Strength IPA,Wadworth,Beer,IPA,1,pint,3.5216
Wadworth Carrier,Wadworth,Beer,Pale Ale,500,ml,1.8000
Wadworth Cooper's Vice,Wadworth,Beer,Red Ale,1,pint,2.8400
Wadworth Corvus,Wadworth,Beer,Stout,1,pint,2.3288
Wadworth Dray Bells,Wadworth,Beer,Amber Ale,1,pint,2.3288
Wadworth Farmers Glory,Wadworth,Beer,Ale,1,pint,2.4992
Wadworth Game of Stones,Wadworth,Beer,Golden Ale,1,pint,2.1584
Wadworth Horizon,Wadworth,Beer,Golden Ale,500,ml,2.0000
Wadworth Horizon,Wadworth,Beer,Golden Ale,1,pint,2.2720
Wadworth IPA,Wadworth,Beer,IPA,500,ml,1.8000
Wadworth IPA,Wadworth,Beer,IPA,1,pint,2.0448
Wadworth Swordfish,Wadworth,Beer,Ale,500,ml,2.1500
Wadworth Swordfish,Wadworth,Beer,Ale,1,pint,2.8400
Wadworth Treacle Treat,Wadworth,Beer,Dark Ale,1,pint,2.3856
Wadworths Dirty Rucker,Wadworth,Beer,Ale,1,pint,2.2152
Wadworths Studs Up,Wadworth,Beer,Pale Ale,1,pint,2.2720
Wainwright,Wainwright,Beer,Beer,1,pint,2.3288
Warsteiner,Warsteiner,Beer,Lager,1,pint,2.7264
Westons Caple Rd Blend No 3 Cider,Westons,Cider,,330,ml,1.7160
Westons Caple Rd Blend No 3 Cider,Westons,Cider,,1,pint,2.9536
Westons Mortimers Orchard Cider,Westons,Cider,,1,pint,2.8400
Westons Mortimers Orchard English Berry,Westons,Cider,Fruit Cider,1,pint,2.2720
Westons Old Rosie,Westons,Cider,,1,pint,4.1464
Westons Rosie's Pig,Westons,Cider,,1,pint,2.7264
Westons Rosie's Pig Flat Tyre,Westons,Cider,Fruit Cider,330,ml,1.3200
Westons Rosie's Pig Flat Tyre,Westons,Cider,Fruit Cider,1,pint,2.2720
Westons Rosie's Pig Handbrake,Westons,Cider,Fruit Cider,330,ml,1.3200
Westons Rosie's Pig Handbrake,Westons,Cider,Fruit Cider,1,pint,2.2720
Westons Wyld Wood Organic Cider,Westons,Cider,,500,ml,3.0000
Westons Wyld Wood Organic Cider,Westons,Cider,,1,pint,3.4080
Whipstitch Festival Apple Cider,Whipstitch,Cider,,330,ml,1.5510
Whipstitch Festival Apple Cider,Whipstitch,Cider,,1,pint,2.6696
Whipstitch Festival Dark Fruits Cider,Whipstitch,Cider,Fruit Cider,330,ml,1.5510
Whitbread Best Bitter,Whitbread,Beer,Bitter,1,pint,1.8744
Wild Beer Bibble,The Wild Beer Co,Beer,Pale Ale,330,ml,1.3860
Wild Beer Fresh,The Wild Beer Co,Beer,Ale,330,ml,1.8150
Wild Beer Madness IPA,The Wild Beer Co,Beer,IPA,330,ml,2.2440
Wild Beer Millionaire,The Wild Beer Co,Beer,Stout,330,ml,1.5510
Wild Beer Nebula Hazy IPA,The Wild Beer Co,Beer,IPA,330,ml,1.6500
Wild Beer Pogo,The Wild Beer Co,Beer,Pale Ale,330,ml,1.3200
Wild Beer Sleeping Lemons,The Wild Beer Co,Beer,Gose,330,ml,1.1880
Wild Beer Sleeping Limes,The Wild Beer Co,Beer,Gose,330,ml,1.5180
Wild Beer Yokai,The Wild Beer Co,Beer,IPA,330,ml,1.6500
Wild River,Fuller's,Beer,Pale Ale,330,ml,1.4850
Wild River,Fuller's,Beer,Pale Ale,1,pint,2.5560
Woodpecker Cider,Woodpecker,Cider,,275,ml,0.9625
Worthington Creamflow,Worthington,Beer,Bitter,1,pint,2.0448
Wychwood Hoppleganger,Wychwood,Beer,Blonde Ale,1,pint,2.4992
Wylam Club of Slaughters,Wylam,Beer,Stout,330,ml,2.9040
Wylam Haxan,Wylam,Beer,Wheat Beer,330,ml,2.0460
Wylam Hickey the Rake,Wylam,Beer,Pale Ale,330,ml,1.3860
Wylam Jakehead IPA,Wylam,Beer,IPA,330,ml,2.0790
Wylam Le Sasionnier,Wylam,Beer,Saison,330,ml,1.7820
Wylam Remain in Light,Wylam,Beer,Pale Ale,330,ml,1.6500
Yeastie Boys Bigmouth,Yeastie Boys,Beer,IPA,330,ml,1.4520
Yeastie Boys Digital IPA,Yeastie Boys,Beer,IPA,330,ml,1.8810
Yeastie Boys Gunnamatta,Yeastie Boys,Beer,IPA,330,ml,2.1450
Yeastie Boys Pot Kettle Black,Yeastie Boys,Beer,Porter,330,ml,1.9800
Yeastie Boys White Noise,Yeastie Boys,Beer,Wheat Beer,330,ml,1.4520
Young's Bitter,Young's,Beer,Bitter,1,pint,2.1016
Young's London Stout,Young's,Beer,Stout,1,pint,2.4424
Zeffer Hopped Infused Cider,Zeffer,Cider,,330,ml,1.7820
Zywiec,Zywiec,Beer,Lager,500,ml,2.8000
